排名,角色,票数,item_id,更新时间,图片URL
1,迪迦奥特曼,7063608,25ERA3wloghvzh900,2026-07-24T12:31:58.478501+08:00,https://i0.hdslb.com/bfs/activity-plat/static/10498/11147/0d6d0d51ca1096d6cd05788de0bad4ad/3s6KYlq9pB.png
2,梦比优斯奥特曼,1240170,25ERA3wloghvx1600,2026-07-24T12:31:58.478501+08:00,https://i0.hdslb.com/bfs/activity-plat/static/10498/11147/0d6d0d51ca1096d6cd05788de0bad4ad/dnkQN04G1r.png
3,雷欧奥特曼,1024828,25ERA3wloghvzrd00,2026-07-24T12:31:58.478501+08:00,https://i0.hdslb.com/bfs/activity-plat/static/10498/11147/0d6d0d51ca1096d6cd05788de0bad4ad/euQA4BJbh5.png
4,捷德奥特曼,855909,25ERA3wloghvz2100,2026-07-24T12:31:58.478501+08:00,https://i0.hdslb.com/bfs/activity-plat/static/10498/11147/0d6d0d51ca1096d6cd05788de0bad4ad/9cO695pXE3.png
5,奈克赛斯奥特曼,773547,25ERA3wloghvl9b00,2026-07-24T12:31:58.478501+08:00,https://i0.hdslb.com/bfs/activity-plat/static/10498/11147/0d6d0d51ca1096d6cd05788de0bad4ad/X6vPOxSV4c.png
6,泽塔奥特曼,773547,25ERA3wloghvl1000,2026-07-24T12:31:58.478501+08:00,https://i0.hdslb.com/bfs/activity-plat/static/10498/11147/0d6d0d51ca1096d6cd05788de0bad4ad/zDKh7BTW4j.png
7,欧布奥特曼,773545,25ERA3wloghvzrz00,2026-07-24T12:31:58.478501+08:00,https://i0.hdslb.com/bfs/activity-plat/static/10498/11147/0d6d0d51ca1096d6cd05788de0bad4ad/zmoHQzNNsj.png
8,布莱泽奥特曼,773538,25ERA3wloghvz1g00,2026-07-24T12:31:58.478501+08:00,https://i0.hdslb.com/bfs/activity-plat/static/10498/11147/0d6d0d51ca1096d6cd05788de0bad4ad/lGU366J7zf.png
9,银河奥特曼,773538,25ERA3wloghvl2o00,2026-07-24T12:31:58.478501+08:00,https://i0.hdslb.com/bfs/activity-plat/static/10498/11147/0d6d0d51ca1096d6cd05788de0bad4ad/EfuQQvFwzC.png
10,戴拿奥特曼,773536,25ERA3wloghvz8m00,2026-07-24T12:31:58.478501+08:00,https://i0.hdslb.com/bfs/activity-plat/static/10498/11147/0d6d0d51ca1096d6cd05788de0bad4ad/APl15bbPwf.png
11,赛罗奥特曼,773524,25ERA3wloghvzwc00,2026-07-24T12:31:58.478501+08:00,https://i0.hdslb.com/bfs/activity-plat/static/10498/11147/0d6d0d51ca1096d6cd05788de0bad4ad/zYsA8S9klq.png
12,盖亚奥特曼,773461,25ERA3wloghvzxc00,2026-07-24T12:31:58.478501+08:00,https://i0.hdslb.com/bfs/activity-plat/static/10498/11147/0d6d0d51ca1096d6cd05788de0bad4ad/RNVVPphu6C.png
13,艾克斯奥特曼,750305,25ERA3wloghvz4w00,2026-07-24T12:31:58.478501+08:00,https://i0.hdslb.com/bfs/activity-plat/static/10498/11147/0d6d0d51ca1096d6cd05788de0bad4ad/6MB3i9Ir7E.png
14,泰迦奥特曼,734242,25ERA3wloghvl6k00,2026-07-24T12:31:58.478501+08:00,https://i0.hdslb.com/bfs/activity-plat/static/10498/11147/0d6d0d51ca1096d6cd05788de0bad4ad/KVYGO9X12v.png
15,希卡利奥特曼,519317,25ERA3wloghvzpw00,2026-07-24T12:31:58.478501+08:00,https://i0.hdslb.com/bfs/activity-plat/static/10498/11147/0d6d0d51ca1096d6cd05788de0bad4ad/Tj0p6hRi0z.png
16,提欧奥特曼,399518,25ERA3wloghvzd700,2026-07-24T12:31:58.478501+08:00,https://i0.hdslb.com/bfs/activity-plat/static/10498/11147/0d6d0d51ca1096d6cd05788de0bad4ad/xPjwUGWe03.png
17,高斯奥特曼,155411,25ERA3wloghvz7700,2026-07-24T12:31:58.478501+08:00,https://i0.hdslb.com/bfs/activity-plat/static/10498/11147/0d6d0d51ca1096d6cd05788de0bad4ad/m5hreUCrFE.png
18,特利迦奥特曼,121239,25ERA3wloghvnjn00,2026-07-24T12:31:58.478501+08:00,https://i0.hdslb.com/bfs/activity-plat/static/10498/11147/0d6d0d51ca1096d6cd05788de0bad4ad/8bptgj4woL.png
19,阿古茹奥特曼,100336,25ERA3wloghvz7800,2026-07-24T12:31:58.478501+08:00,https://i0.hdslb.com/bfs/activity-plat/static/10498/11147/0d6d0d51ca1096d6cd05788de0bad4ad/YjzaWEE6yh.png
20,麦克斯奥特曼,68038,25ERA3wloghvzwv00,2026-07-24T12:31:58.478501+08:00,https://i0.hdslb.com/bfs/activity-plat/static/10498/11147/0d6d0d51ca1096d6cd05788de0bad4ad/9FMlV0Pgbg.png
21,格丽乔奥特曼,48428,25ERA3wloghvzmw00,2026-07-24T12:31:58.478501+08:00,https://i0.hdslb.com/bfs/activity-plat/static/10498/11147/0d6d0d51ca1096d6cd05788de0bad4ad/0C1L1p8TkP.png
22,奥特之王,40103,25ERA3wloghvl2p00,2026-07-24T12:31:58.478501+08:00,https://i0.hdslb.com/bfs/activity-plat/static/10498/11147/0d6d0d51ca1096d6cd05788de0bad4ad/yNRsfmq0Sy.png
23,爱迪奥特曼,37123,25ERA3wloghvnj200,2026-07-24T12:31:58.478501+08:00,https://i0.hdslb.com/bfs/activity-plat/static/10498/11147/0d6d0d51ca1096d6cd05788de0bad4ad/DUu1EhZfHv.png
24,阿斯特拉奥特曼,30821,25ERA3wloghvzsl00,2026-07-24T12:31:58.478501+08:00,https://i0.hdslb.com/bfs/activity-plat/static/10498/11147/0d6d0d51ca1096d6cd05788de0bad4ad/niYA1BjcIs.png
25,斯科特奥特曼,20655,25ERA3wloghvxqr00,2026-07-24T12:31:58.478501+08:00,https://i0.hdslb.com/bfs/activity-plat/static/10498/11147/0d6d0d51ca1096d6cd05788de0bad4ad/IE7hgWRKuV.png
26,维克特利奥特曼,20605,25ERA3wloghvxyw00,2026-07-24T12:31:58.478501+08:00,https://i0.hdslb.com/bfs/activity-plat/static/10498/11147/0d6d0d51ca1096d6cd05788de0bad4ad/w9aPUs1ZHt.png
27,罗索奥特曼,15478,25ERA3wloghvzwb00,2026-07-24T12:31:58.478501+08:00,https://i0.hdslb.com/bfs/activity-plat/static/10498/11147/0d6d0d51ca1096d6cd05788de0bad4ad/s0xgeY5YDt.png
28,亚刻奥特曼,14483,25ERA3wloghvxrh00,2026-07-24T12:31:58.478501+08:00,https://i0.hdslb.com/bfs/activity-plat/static/10498/11147/0d6d0d51ca1096d6cd05788de0bad4ad/27cUQwP4WX.png
29,奥美迦奥特曼,11182,25ERA3wloghvzme00,2026-07-24T12:31:58.478501+08:00,https://i0.hdslb.com/bfs/activity-plat/static/10498/11147/0d6d0d51ca1096d6cd05788de0bad4ad/wsefY2w7VZ.png
30,贝丝奥特曼,10386,25ERA3wloghvl7y00,2026-07-24T12:31:58.478501+08:00,https://i0.hdslb.com/bfs/activity-plat/static/10498/11147/0d6d0d51ca1096d6cd05788de0bad4ad/Fmbovvbhth.png
31,布鲁奥特曼,10252,25ERA3wloghvnj100,2026-07-24T12:31:58.478501+08:00,https://i0.hdslb.com/bfs/activity-plat/static/10498/11147/0d6d0d51ca1096d6cd05788de0bad4ad/citazxdV2A.png
32,风马奥特曼,10198,25ERA3wloghvzk100,2026-07-24T12:31:58.478501+08:00,https://i0.hdslb.com/bfs/activity-plat/static/10498/11147/0d6d0d51ca1096d6cd05788de0bad4ad/lhdfH0LXoi.png
33,德凯奥特曼,9858,25ERA3wloghvzk200,2026-07-24T12:31:58.478501+08:00,https://i0.hdslb.com/bfs/activity-plat/static/10498/11147/0d6d0d51ca1096d6cd05788de0bad4ad/FxYvvldx2R.png
34,利布特奥特曼,9840,25ERA3wloghvnop00,2026-07-24T12:31:58.478501+08:00,https://i0.hdslb.com/bfs/activity-plat/static/10498/11147/0d6d0d51ca1096d6cd05788de0bad4ad/14ZpDJaI2Q.png
35,乔尼亚斯奥特曼,9838,25ERA3wloghvzsk00,2026-07-24T12:31:58.478501+08:00,https://i0.hdslb.com/bfs/activity-plat/static/10498/11147/0d6d0d51ca1096d6cd05788de0bad4ad/spItNeZwhQ.png
36,雷古洛思奥特曼,9838,25ERA3wloghvnkp00,2026-07-24T12:31:58.478501+08:00,https://i0.hdslb.com/bfs/activity-plat/static/10498/11147/0d6d0d51ca1096d6cd05788de0bad4ad/RaVSqKmzBr.png
37,葛雷特奥特曼,9838,25ERA3wloghvnjm00,2026-07-24T12:31:58.478501+08:00,https://i0.hdslb.com/bfs/activity-plat/static/10498/11147/0d6d0d51ca1096d6cd05788de0bad4ad/RayAxueveP.png
38,纳伊斯奥特曼,9838,25ERA3wloghvl9j00,2026-07-24T12:31:58.478501+08:00,https://i0.hdslb.com/bfs/activity-plat/static/10498/11147/0d6d0d51ca1096d6cd05788de0bad4ad/3lfu55Zb7s.png
39,哉阿斯奥特曼,9837,25ERA3wloghvzqo00,2026-07-24T12:31:58.478501+08:00,https://i0.hdslb.com/bfs/activity-plat/static/10498/11147/0d6d0d51ca1096d6cd05788de0bad4ad/zx6Fhx9Y5g.png
40,尤莉安奥特曼,9837,25ERA3wloghvzmq00,2026-07-24T12:31:58.478501+08:00,https://i0.hdslb.com/bfs/activity-plat/static/10498/11147/0d6d0d51ca1096d6cd05788de0bad4ad/3kq4Pp9IkQ.png
